INSERT INTO USERS(ID, VERSION, NAME) VALUES (1, 1, 'Alice');
INSERT INTO USERS(ID, VERSION, NAME) VALUES (2, 2, 'Bob');
INSERT INTO USERS(ID, VERSION, NAME) VALUES (3, 1, 'Eve');


INSERT INTO UNIT(ID, VERSION, NAME) VALUES (11, 2, 'Kreftregisteret');
INSERT INTO UNIT(ID, VERSION, NAME) VALUES (12, 1, 'Akershus universitetssykehus HF');
INSERT INTO UNIT(ID, VERSION, NAME) VALUES (13, 2, 'Sørlandet sykehus HF');
INSERT INTO UNIT(ID, VERSION, NAME) VALUES (14, 2, 'Vestre Viken HF');


INSERT INTO ROLE(ID, VERSION, NAME) VALUES (101, 1, 'User administration');
INSERT INTO ROLE(ID, VERSION, NAME) VALUES (102, 2, 'Endoscopist administration');
INSERT INTO ROLE(ID, VERSION, NAME) VALUES (103, 1, 'Report colonoscopy capacity');
INSERT INTO ROLE(ID, VERSION, NAME) VALUES (104, 2, 'Send invitations');
INSERT INTO ROLE(ID, VERSION, NAME) VALUES (105, 1, 'View statistics');


INSERT INTO USERROLE(ID, VERSION, USER_ID, UNIT_ID, ROLE_ID, VALID_FROM, VALID_TO) VALUES (1001, 1, 1, 11, 101, '2019-01-02 00:00:00', '2019-12-31 23:59:59');
INSERT INTO USERROLE(ID, VERSION, USER_ID, UNIT_ID, ROLE_ID, VALID_FROM, VALID_TO) VALUES (1002, 2, 1, 11, 104, '2019-01-02 00:00:00', '2019-12-31 23:59:59');
INSERT INTO USERROLE(ID, VERSION, USER_ID, UNIT_ID, ROLE_ID, VALID_FROM, VALID_TO) VALUES (1003, 1, 1, 11, 105, '2019-06-11 00:00:00', '2019-12-31 23:59:59');
INSERT INTO USERROLE(ID, VERSION, USER_ID, UNIT_ID, ROLE_ID, VALID_FROM) VALUES (1004, 2, 2, 12, 101, '2020-01-28 00:00:00');
INSERT INTO USERROLE(ID, VERSION, USER_ID, UNIT_ID, ROLE_ID, VALID_FROM) VALUES (1005, 1, 2, 12, 105, '2020-01-28 00:00:00');
INSERT INTO USERROLE(ID, VERSION, USER_ID, UNIT_ID, ROLE_ID, VALID_FROM) VALUES (1006, 1, 2, 14, 101, '2020-01-28 00:00:00');
INSERT INTO USERROLE(ID, VERSION, USER_ID, UNIT_ID, ROLE_ID, VALID_FROM) VALUES (1007, 1, 2, 14, 102, '2020-01-28 00:00:00');
INSERT INTO USERROLE(ID, VERSION, USER_ID, UNIT_ID, ROLE_ID, VALID_FROM) VALUES (1008, 1, 1, 11, 101, '2020-02-01 07:00:00');
INSERT INTO USERROLE(ID, VERSION, USER_ID, UNIT_ID, ROLE_ID, VALID_FROM) VALUES (1009, 1, 1, 11, 104, '2020-02-01 07:00:00');

